"Solution Label","Type","Element","Flags","Soln Conc","Units","Corr Con","Units","Int"
"QCW","Samp","Al MultiCal","","-","g/mL",0.13,"-","-"
"QCW","Samp","Ca MultiCal","","-","g/mL",2.24,"-","-"
"QCW","Samp","Cu MultiCal","","-","g/mL",0.09,"-","-"
"QCW","Samp","Fe MultiCal","","-","g/mL",0.02,"-","-"
"QCW","Samp","K MultiCal","","-","g/mL",0.16,"-","-"
"QCW","Samp","Mg  MultiCal","","-","g/mL",0.12,"-","-"
"QCW","Samp","Mn MultiCal","","-","g/mL",0.11,"-","-"
"QCW","Samp","P MultiCal","","-","g/mL",7.23,"-","-"
"QCW","Samp","S MultiCal","","-","g/mL",0.09,"-","-"
"QCW","Samp","Zn MultiCal","","-","g/mL",0.11,"-","-"
"Rack# 3287 CC19-286","Samp","Al MultiCal","","-","g/mL",61.01,"-","-"
"Rack# 3287 CC19-286","Samp","Ca MultiCal","o","-","g/mL",63.39,"-","-"
"Rack# 3287 CC19-286","Samp","Cu MultiCal","","-","g/mL",0.11,"-","-"
"Rack# 3287 CC19-286","Samp","Fe MultiCal","","-","g/mL",7.57,"-","-"
"Rack# 3287 CC19-286","Samp","K MultiCal","","-","g/mL",12.75,"-","-"
"Rack# 3287 CC19-286","Samp","Mg  MultiCal","","-","g/mL",13.00,"-","-"
"Rack# 3287 CC19-286","Samp","Mn MultiCal","","-","g/mL",8.91,"-","-"
"Rack# 3287 CC19-286","Samp","P MultiCal","","-","g/mL",2.77,"-","-"
"Rack# 3287 CC19-286","Samp","S MultiCal","","-","g/mL",1.13,"-","-"
"Rack# 3287 CC19-286","Samp","Zn MultiCal","","-","g/mL",0.11,"-","-"
"CC19-287","Samp","Al MultiCal","","-","g/mL",62.60,"-","-"
"CC19-287","Samp","Ca MultiCal","o","-","g/mL",66.26,"-","-"
"CC19-287","Samp","Cu MultiCal","","-","g/mL",0.08,"-","-"
"CC19-287","Samp","Fe MultiCal","","-","g/mL",7.16,"-","-"
"CC19-287","Samp","K MultiCal","","-","g/mL",8.23,"-","-"
"CC19-287","Samp","Mg  MultiCal","","-","g/mL",12.56,"-","-"
"CC19-287","Samp","Mn MultiCal","","-","g/mL",7.64,"-","-"
"CC19-287","Samp","P MultiCal","","-","g/mL",1.66,"-","-"
"CC19-287","Samp","S MultiCal","","-","g/mL",1.09,"-","-"
"CC19-287","Samp","Zn MultiCal","","-","g/mL",0.07,"-","-"
"CC19-288","Samp","Al MultiCal","","-","g/mL",61.93,"-","-"
"CC19-288","Samp","Ca MultiCal","o","-","g/mL",52.01,"-","-"
"CC19-288","Samp","Cu MultiCal","","-","g/mL",0.09,"-","-"
"CC19-288","Samp","Fe MultiCal","","-","g/mL",8.13,"-","-"
"CC19-288","Samp","K MultiCal","","-","g/mL",13.57,"-","-"
"CC19-288","Samp","Mg  MultiCal","","-","g/mL",14.29,"-","-"
"CC19-288","Samp","Mn MultiCal","","-","g/mL",7.40,"-","-"
"CC19-288","Samp","P MultiCal","","-","g/mL",2.19,"-","-"
"CC19-288","Samp","S MultiCal","","-","g/mL",1.15,"-","-"
"CC19-288","Samp","Zn MultiCal","","-","g/mL",0.10,"-","-"
"CC19-289","Samp","Al MultiCal","","-","g/mL",62.10,"-","-"
"CC19-289","Samp","Ca MultiCal","o","-","g/mL",58.95,"-","-"
"CC19-289","Samp","Cu MultiCal","","-","g/mL",0.09,"-","-"
"CC19-289","Samp","Fe MultiCal","","-","g/mL",7.11,"-","-"
"CC19-289","Samp","K MultiCal","","-","g/mL",6.51,"-","-"
"CC19-289","Samp","Mg  MultiCal","","-","g/mL",17.75,"-","-"
"CC19-289","Samp","Mn MultiCal","","-","g/mL",7.24,"-","-"
"CC19-289","Samp","P MultiCal","","-","g/mL",1.08,"-","-"
"CC19-289","Samp","S MultiCal","","-","g/mL",0.92,"-","-"
"CC19-289","Samp","Zn MultiCal","","-","g/mL",0.09,"-","-"
"CC19-290","Samp","Al MultiCal","","-","g/mL",67.11,"-","-"
"CC19-290","Samp","Ca MultiCal","o","-","g/mL",54.66,"-","-"
"CC19-290","Samp","Cu MultiCal","","-","g/mL",0.18,"-","-"
"CC19-290","Samp","Fe MultiCal","","-","g/mL",9.75,"-","-"
"CC19-290","Samp","K MultiCal","","-","g/mL",13.44,"-","-"
"CC19-290","Samp","Mg  MultiCal","","-","g/mL",16.16,"-","-"
"CC19-290","Samp","Mn MultiCal","","-","g/mL",9.38,"-","-"
"CC19-290","Samp","P MultiCal","","-","g/mL",4.14,"-","-"
"CC19-290","Samp","S MultiCal","","-","g/mL",1.14,"-","-"
"CC19-290","Samp","Zn MultiCal","","-","g/mL",0.19,"-","-"
"CC19-291","Samp","Al MultiCal","","-","g/mL",67.05,"-","-"
"CC19-291","Samp","Ca MultiCal","o","-","g/mL",55.52,"-","-"
"CC19-291","Samp","Cu MultiCal","","-","g/mL",0.10,"-","-"
"CC19-291","Samp","Fe MultiCal","","-","g/mL",8.67,"-","-"
"CC19-291","Samp","K MultiCal","","-","g/mL",9.54,"-","-"
"CC19-291","Samp","Mg  MultiCal","","-","g/mL",17.17,"-","-"
"CC19-291","Samp","Mn MultiCal","","-","g/mL",8.24,"-","-"
"CC19-291","Samp","P MultiCal","","-","g/mL",2.01,"-","-"
"CC19-291","Samp","S MultiCal","","-","g/mL",1.06,"-","-"
"CC19-291","Samp","Zn MultiCal","","-","g/mL",0.09,"-","-"
"CC19-292","Samp","Al MultiCal","","-","g/mL",65.13,"-","-"
"CC19-292","Samp","Ca MultiCal","o","-","g/mL",65.60,"-","-"
"CC19-292","Samp","Cu MultiCal","","-","g/mL",0.12,"-","-"
"CC19-292","Samp","Fe MultiCal","","-","g/mL",8.17,"-","-"
"CC19-292","Samp","K MultiCal","","-","g/mL",20.04,"-","-"
"CC19-292","Samp","Mg  MultiCal","","-","g/mL",31.06,"-","-"
"CC19-292","Samp","Mn MultiCal","","-","g/mL",9.90,"-","-"
"CC19-292","Samp","P MultiCal","","-","g/mL",1.29,"-","-"
"CC19-292","Samp","S MultiCal","","-","g/mL",0.79,"-","-"
"CC19-292","Samp","Zn MultiCal","","-","g/mL",0.11,"-","-"
"CC19-293","Samp","Al MultiCal","","-","g/mL",63.76,"-","-"
"CC19-293","Samp","Ca MultiCal","o","-","g/mL",73.66,"-","-"
"CC19-293","Samp","Cu MultiCal","","-","g/mL",0.12,"-","-"
"CC19-293","Samp","Fe MultiCal","","-","g/mL",7.41,"-","-"
"CC19-293","Samp","K MultiCal","","-","g/mL",11.50,"-","-"
"CC19-293","Samp","Mg  MultiCal","","-","g/mL",38.94,"-","-"
"CC19-293","Samp","Mn MultiCal","","-","g/mL",10.92,"-","-"
"CC19-293","Samp","P MultiCal","","-","g/mL",0.57,"-","-"
"CC19-293","Samp","S MultiCal","","-","g/mL",0.72,"-","-"
"CC19-293","Samp","Zn MultiCal","","-","g/mL",0.09,"-","-"
"CC19-294","Samp","Al MultiCal","","-","g/mL",77.73,"-","-"
"CC19-294","Samp","Ca MultiCal","o","-","g/mL",52.34,"-","-"
"CC19-294","Samp","Cu MultiCal","","-","g/mL",0.12,"-","-"
"CC19-294","Samp","Fe MultiCal","","-","g/mL",12.33,"-","-"
"CC19-294","Samp","K MultiCal","","-","g/mL",16.48,"-","-"
"CC19-294","Samp","Mg  MultiCal","","-","g/mL",12.21,"-","-"
"CC19-294","Samp","Mn MultiCal","","-","g/mL",14.29,"-","-"
"CC19-294","Samp","P MultiCal","","-","g/mL",5.14,"-","-"
"CC19-294","Samp","S MultiCal","","-","g/mL",1.35,"-","-"
"CC19-294","Samp","Zn MultiCal","","-","g/mL",0.17,"-","-"
"CC19-295","Samp","Al MultiCal","","-","g/mL",76.57,"-","-"
"CC19-295","Samp","Ca MultiCal","o","-","g/mL",57.15,"-","-"
"CC19-295","Samp","Cu MultiCal","","-","g/mL",0.10,"-","-"
"CC19-295","Samp","Fe MultiCal","","-","g/mL",10.52,"-","-"
"CC19-295","Samp","K MultiCal","","-","g/mL",7.86,"-","-"
"CC19-295","Samp","Mg  MultiCal","","-","g/mL",12.06,"-","-"
"CC19-295","Samp","Mn MultiCal","","-","g/mL",11.87,"-","-"
"CC19-295","Samp","P MultiCal","","-","g/mL",4.04,"-","-"
"CC19-295","Samp","S MultiCal","","-","g/mL",1.24,"-","-"
"CC19-295","Samp","Zn MultiCal","","-","g/mL",0.13,"-","-"
"CC19-296","Samp","Al MultiCal","","-","g/mL",74.54,"-","-"
"CC19-296","Samp","Ca MultiCal","o","-","g/mL",53.97,"-","-"
"CC19-296","Samp","Cu MultiCal","","-","g/mL",0.09,"-","-"
"CC19-296","Samp","Fe MultiCal","","-","g/mL",9.46,"-","-"
"CC19-296","Samp","K MultiCal","","-","g/mL",12.50,"-","-"
"CC19-296","Samp","Mg  MultiCal","","-","g/mL",14.04,"-","-"
"CC19-296","Samp","Mn MultiCal","","-","g/mL",9.10,"-","-"
"CC19-296","Samp","P MultiCal","","-","g/mL",2.28,"-","-"
"CC19-296","Samp","S MultiCal","","-","g/mL",1.18,"-","-"
"CC19-296","Samp","Zn MultiCal","","-","g/mL",0.13,"-","-"
"CC19-297","Samp","Al MultiCal","","-","g/mL",71.66,"-","-"
"CC19-297","Samp","Ca MultiCal","o","-","g/mL",58.91,"-","-"
"CC19-297","Samp","Cu MultiCal","","-","g/mL",0.09,"-","-"
"CC19-297","Samp","Fe MultiCal","","-","g/mL",8.82,"-","-"
"CC19-297","Samp","K MultiCal","","-","g/mL",8.03,"-","-"
"CC19-297","Samp","Mg  MultiCal","","-","g/mL",15.59,"-","-"
"CC19-297","Samp","Mn MultiCal","","-","g/mL",8.66,"-","-"
"CC19-297","Samp","P MultiCal","","-","g/mL",1.49,"-","-"
"CC19-297","Samp","S MultiCal","","-","g/mL",1.12,"-","-"
"CC19-297","Samp","Zn MultiCal","","-","g/mL",0.14,"-","-"
"CC19-298","Samp","Al MultiCal","","-","g/mL",72.77,"-","-"
"CC19-298","Samp","Ca MultiCal","o","-","g/mL",62.93,"-","-"
"CC19-298","Samp","Cu MultiCal","","-","g/mL",0.09,"-","-"
"CC19-298","Samp","Fe MultiCal","","-","g/mL",9.51,"-","-"
"CC19-298","Samp","K MultiCal","","-","g/mL",14.81,"-","-"
"CC19-298","Samp","Mg  MultiCal","","-","g/mL",20.38,"-","-"
"CC19-298","Samp","Mn MultiCal","","-","g/mL",9.39,"-","-"
"CC19-298","Samp","P MultiCal","","-","g/mL",4.81,"-","-"
"CC19-298","Samp","S MultiCal","","-","g/mL",1.44,"-","-"
"CC19-298","Samp","Zn MultiCal","","-","g/mL",0.15,"-","-"
"CC19-299","Samp","Al MultiCal","","-","g/mL",71.54,"-","-"
"CC19-299","Samp","Ca MultiCal","o","-","g/mL",62.99,"-","-"
"CC19-299","Samp","Cu MultiCal","","-","g/mL",0.09,"-","-"
"CC19-299","Samp","Fe MultiCal","","-","g/mL",8.95,"-","-"
"CC19-299","Samp","K MultiCal","","-","g/mL",10.13,"-","-"
"CC19-299","Samp","Mg  MultiCal","","-","g/mL",21.27,"-","-"
"CC19-299","Samp","Mn MultiCal","","-","g/mL",10.02,"-","-"
"CC19-299","Samp","P MultiCal","","-","g/mL",2.51,"-","-"
"CC19-299","Samp","S MultiCal","","-","g/mL",1.00,"-","-"
"CC19-299","Samp","Zn MultiCal","","-","g/mL",0.12,"-","-"
"CC19-300","Samp","Al MultiCal","","-","g/mL",71.82,"-","-"
"CC19-300","Samp","Ca MultiCal","o","-","g/mL",59.94,"-","-"
"CC19-300","Samp","Cu MultiCal","","-","g/mL",0.11,"-","-"
"CC19-300","Samp","Fe MultiCal","","-","g/mL",8.53,"-","-"
"CC19-300","Samp","K MultiCal","","-","g/mL",15.18,"-","-"
"CC19-300","Samp","Mg  MultiCal","","-","g/mL",23.38,"-","-"
"CC19-300","Samp","Mn MultiCal","","-","g/mL",9.50,"-","-"
"CC19-300","Samp","P MultiCal","","-","g/mL",2.48,"-","-"
"CC19-300","Samp","S MultiCal","","-","g/mL",1.18,"-","-"
"CC19-300","Samp","Zn MultiCal","","-","g/mL",0.14,"-","-"
"CC19-301","Samp","Al MultiCal","","-","g/mL",72.23,"-","-"
"CC19-301","Samp","Ca MultiCal","o","-","g/mL",62.39,"-","-"
"CC19-301","Samp","Cu MultiCal","","-","g/mL",0.10,"-","-"
"CC19-301","Samp","Fe MultiCal","","-","g/mL",8.05,"-","-"
"CC19-301","Samp","K MultiCal","","-","g/mL",10.15,"-","-"
"CC19-301","Samp","Mg  MultiCal","","-","g/mL",23.16,"-","-"
"CC19-301","Samp","Mn MultiCal","","-","g/mL",10.18,"-","-"
"CC19-301","Samp","P MultiCal","","-","g/mL",1.02,"-","-"
"CC19-301","Samp","S MultiCal","","-","g/mL",1.05,"-","-"
"CC19-301","Samp","Zn MultiCal","","-","g/mL",0.11,"-","-"
"CC19-302","Samp","Al MultiCal","","-","g/mL",75.06,"-","-"
"CC19-302","Samp","Ca MultiCal","o","-","g/mL",57.75,"-","-"
"CC19-302","Samp","Cu MultiCal","","-","g/mL",0.11,"-","-"
"CC19-302","Samp","Fe MultiCal","","-","g/mL",9.73,"-","-"
"CC19-302","Samp","K MultiCal","","-","g/mL",13.42,"-","-"
"CC19-302","Samp","Mg  MultiCal","","-","g/mL",14.79,"-","-"
"CC19-302","Samp","Mn MultiCal","","-","g/mL",11.93,"-","-"
"CC19-302","Samp","P MultiCal","","-","g/mL",3.50,"-","-"
"CC19-302","Samp","S MultiCal","","-","g/mL",1.33,"-","-"
"CC19-302","Samp","Zn MultiCal","","-","g/mL",0.15,"-","-"
"CC19-303","Samp","Al MultiCal","","-","g/mL",76.64,"-","-"
"CC19-303","Samp","Ca MultiCal","o","-","g/mL",58.77,"-","-"
"CC19-303","Samp","Cu MultiCal","","-","g/mL",0.10,"-","-"
"CC19-303","Samp","Fe MultiCal","","-","g/mL",9.69,"-","-"
"CC19-303","Samp","K MultiCal","","-","g/mL",7.64,"-","-"
"CC19-303","Samp","Mg  MultiCal","","-","g/mL",13.11,"-","-"
"CC19-303","Samp","Mn MultiCal","","-","g/mL",9.49,"-","-"
"CC19-303","Samp","P MultiCal","","-","g/mL",2.93,"-","-"
"CC19-303","Samp","S MultiCal","","-","g/mL",1.20,"-","-"
"CC19-303","Samp","Zn MultiCal","","-","g/mL",0.10,"-","-"
"CC19-304","Samp","Al MultiCal","","-","g/mL",73.23,"-","-"
"CC19-304","Samp","Ca MultiCal","o","-","g/mL",56.72,"-","-"
"CC19-304","Samp","Cu MultiCal","","-","g/mL",0.14,"-","-"
"CC19-304","Samp","Fe MultiCal","","-","g/mL",10.31,"-","-"
"CC19-304","Samp","K MultiCal","","-","g/mL",12.99,"-","-"
"CC19-304","Samp","Mg  MultiCal","","-","g/mL",15.92,"-","-"
"CC19-304","Samp","Mn MultiCal","","-","g/mL",10.69,"-","-"
"CC19-304","Samp","P MultiCal","","-","g/mL",2.39,"-","-"
"CC19-304","Samp","S MultiCal","","-","g/mL",1.27,"-","-"
"CC19-304","Samp","Zn MultiCal","","-","g/mL",0.16,"-","-"
"CC19-305","Samp","Al MultiCal","","-","g/mL",70.46,"-","-"
"CC19-305","Samp","Ca MultiCal","o","-","g/mL",61.17,"-","-"
"CC19-305","Samp","Cu MultiCal","","-","g/mL",0.10,"-","-"
"CC19-305","Samp","Fe MultiCal","","-","g/mL",9.20,"-","-"
"CC19-305","Samp","K MultiCal","","-","g/mL",8.02,"-","-"
"CC19-305","Samp","Mg  MultiCal","","-","g/mL",16.96,"-","-"
"CC19-305","Samp","Mn MultiCal","","-","g/mL",10.03,"-","-"
"CC19-305","Samp","P MultiCal","","-","g/mL",1.62,"-","-"
"CC19-305","Samp","S MultiCal","","-","g/mL",1.19,"-","-"
"CC19-305","Samp","Zn MultiCal","","-","g/mL",0.12,"-","-"
"CC19-306","Samp","Al MultiCal","","-","g/mL",71.60,"-","-"
"CC19-306","Samp","Ca MultiCal","o","-","g/mL",59.07,"-","-"
"CC19-306","Samp","Cu MultiCal","","-","g/mL",0.19,"-","-"
"CC19-306","Samp","Fe MultiCal","","-","g/mL",8.78,"-","-"
"CC19-306","Samp","K MultiCal","","-","g/mL",14.10,"-","-"
"CC19-306","Samp","Mg  MultiCal","","-","g/mL",18.84,"-","-"
"CC19-306","Samp","Mn MultiCal","","-","g/mL",8.25,"-","-"
"CC19-306","Samp","P MultiCal","","-","g/mL",2.73,"-","-"
"CC19-306","Samp","S MultiCal","","-","g/mL",1.11,"-","-"
"CC19-306","Samp","Zn MultiCal","","-","g/mL",0.17,"-","-"
"CC19-307","Samp","Al MultiCal","","-","g/mL",71.63,"-","-"
"CC19-307","Samp","Ca MultiCal","o","-","g/mL",58.83,"-","-"
"CC19-307","Samp","Cu MultiCal","","-","g/mL",0.09,"-","-"
"CC19-307","Samp","Fe MultiCal","","-","g/mL",8.30,"-","-"
"CC19-307","Samp","K MultiCal","","-","g/mL",8.60,"-","-"
"CC19-307","Samp","Mg  MultiCal","","-","g/mL",18.18,"-","-"
"CC19-307","Samp","Mn MultiCal","","-","g/mL",7.54,"-","-"
"CC19-307","Samp","P MultiCal","","-","g/mL",1.36,"-","-"
"CC19-307","Samp","S MultiCal","","-","g/mL",1.04,"-","-"
"CC19-307","Samp","Zn MultiCal","","-","g/mL",0.08,"-","-"
"CC19-308","Samp","Al MultiCal","","-","g/mL",66.66,"-","-"
"CC19-308","Samp","Ca MultiCal","o","-","g/mL",74.22,"-","-"
"CC19-308","Samp","Cu MultiCal","","-","g/mL",0.11,"-","-"
"CC19-308","Samp","Fe MultiCal","","-","g/mL",6.95,"-","-"
"CC19-308","Samp","K MultiCal","","-","g/mL",19.71,"-","-"
"CC19-308","Samp","Mg  MultiCal","","-","g/mL",41.62,"-","-"
"CC19-308","Samp","Mn MultiCal","","-","g/mL",12.75,"-","-"
"CC19-308","Samp","P MultiCal","","-","g/mL",0.78,"-","-"
"CC19-308","Samp","S MultiCal","","-","g/mL",0.65,"-","-"
"CC19-308","Samp","Zn MultiCal","","-","g/mL",0.10,"-","-"
"CC19-309","Samp","Al MultiCal","","-","g/mL",64.74,"-","-"
"CC19-309","Samp","Ca MultiCal","o","-","g/mL",81.32,"-","-"
"CC19-309","Samp","Cu MultiCal","","-","g/mL",0.11,"-","-"
"CC19-309","Samp","Fe MultiCal","","-","g/mL",7.37,"-","-"
"CC19-309","Samp","K MultiCal","","-","g/mL",11.48,"-","-"
"CC19-309","Samp","Mg  MultiCal","","-","g/mL",46.79,"-","-"
"CC19-309","Samp","Mn MultiCal","","-","g/mL",13.14,"-","-"
"CC19-309","Samp","P MultiCal","","-","g/mL",0.55,"-","-"
"CC19-309","Samp","S MultiCal","","-","g/mL",0.59,"-","-"
"CC19-309","Samp","Zn MultiCal","","-","g/mL",0.09,"-","-"
"CC19-310","Samp","Al MultiCal","","-","g/mL",70.92,"-","-"
"CC19-310","Samp","Ca MultiCal","o","-","g/mL",64.86,"-","-"
"CC19-310","Samp","Cu MultiCal","","-","g/mL",0.10,"-","-"
"CC19-310","Samp","Fe MultiCal","","-","g/mL",7.25,"-","-"
"CC19-310","Samp","K MultiCal","","-","g/mL",18.28,"-","-"
"CC19-310","Samp","Mg  MultiCal","","-","g/mL",22.63,"-","-"
"CC19-310","Samp","Mn MultiCal","","-","g/mL",10.65,"-","-"
"CC19-310","Samp","P MultiCal","","-","g/mL",1.18,"-","-"
"CC19-310","Samp","S MultiCal","","-","g/mL",0.94,"-","-"
"CC19-310","Samp","Zn MultiCal","","-","g/mL",0.09,"-","-"
"CC19-311","Samp","Al MultiCal","","-","g/mL",70.66,"-","-"
"CC19-311","Samp","Ca MultiCal","o","-","g/mL",69.23,"-","-"
"CC19-311","Samp","Cu MultiCal","","-","g/mL",0.10,"-","-"
"CC19-311","Samp","Fe MultiCal","","-","g/mL",7.00,"-","-"
"CC19-311","Samp","K MultiCal","","-","g/mL",11.14,"-","-"
"CC19-311","Samp","Mg  MultiCal","","-","g/mL",25.62,"-","-"
"CC19-311","Samp","Mn MultiCal","","-","g/mL",10.33,"-","-"
"CC19-311","Samp","P MultiCal","","-","g/mL",0.74,"-","-"
"CC19-311","Samp","S MultiCal","","-","g/mL",0.87,"-","-"
"CC19-311","Samp","Zn MultiCal","","-","g/mL",0.08,"-","-"
"CC19-312","Samp","Al MultiCal","","-","g/mL",73.75,"-","-"
"CC19-312","Samp","Ca MultiCal","o","-","g/mL",60.82,"-","-"
"CC19-312","Samp","Cu MultiCal","","-","g/mL",0.11,"-","-"
"CC19-312","Samp","Fe MultiCal","","-","g/mL",8.90,"-","-"
"CC19-312","Samp","K MultiCal","","-","g/mL",16.56,"-","-"
"CC19-312","Samp","Mg  MultiCal","","-","g/mL",19.00,"-","-"
"CC19-312","Samp","Mn MultiCal","","-","g/mL",10.43,"-","-"
"CC19-312","Samp","P MultiCal","","-","g/mL",2.28,"-","-"
"CC19-312","Samp","S MultiCal","","-","g/mL",1.00,"-","-"
"CC19-312","Samp","Zn MultiCal","","-","g/mL",0.11,"-","-"
"CC19-313","Samp","Al MultiCal","","-","g/mL",72.98,"-","-"
"CC19-313","Samp","Ca MultiCal","o","-","g/mL",66.73,"-","-"
"CC19-313","Samp","Cu MultiCal","","-","g/mL",0.12,"-","-"
"CC19-313","Samp","Fe MultiCal","","-","g/mL",8.17,"-","-"
"CC19-313","Samp","K MultiCal","","-","g/mL",10.12,"-","-"
"CC19-313","Samp","Mg  MultiCal","","-","g/mL",21.34,"-","-"
"CC19-313","Samp","Mn MultiCal","","-","g/mL",11.30,"-","-"
"CC19-313","Samp","P MultiCal","","-","g/mL",1.25,"-","-"
"CC19-313","Samp","S MultiCal","","-","g/mL",0.94,"-","-"
"CC19-313","Samp","Zn MultiCal","","-","g/mL",0.10,"-","-"
"CC19-314","Samp","Al MultiCal","","-","g/mL",69.87,"-","-"
"CC19-314","Samp","Ca MultiCal","o","-","g/mL",64.71,"-","-"
"CC19-314","Samp","Cu MultiCal","","-","g/mL",0.12,"-","-"
"CC19-314","Samp","Fe MultiCal","","-","g/mL",8.76,"-","-"
"CC19-314","Samp","K MultiCal","","-","g/mL",18.56,"-","-"
"CC19-314","Samp","Mg  MultiCal","","-","g/mL",22.72,"-","-"
"CC19-314","Samp","Mn MultiCal","","-","g/mL",11.47,"-","-"
"CC19-314","Samp","P MultiCal","","-","g/mL",2.25,"-","-"
"CC19-314","Samp","S MultiCal","","-","g/mL",1.06,"-","-"
"CC19-314","Samp","Zn MultiCal","","-","g/mL",0.14,"-","-"
"CC19-315","Samp","Al MultiCal","","-","g/mL",70.63,"-","-"
"CC19-315","Samp","Ca MultiCal","o","-","g/mL",66.21,"-","-"
"CC19-315","Samp","Cu MultiCal","","-","g/mL",0.11,"-","-"
"CC19-315","Samp","Fe MultiCal","","-","g/mL",8.47,"-","-"
"CC19-315","Samp","K MultiCal","","-","g/mL",9.22,"-","-"
"CC19-315","Samp","Mg  MultiCal","","-","g/mL",22.85,"-","-"
"CC19-315","Samp","Mn MultiCal","","-","g/mL",10.51,"-","-"
"CC19-315","Samp","P MultiCal","","-","g/mL",1.27,"-","-"
"CC19-315","Samp","S MultiCal","","-","g/mL",1.06,"-","-"
"CC19-315","Samp","Zn MultiCal","","-","g/mL",0.10,"-","-"
"CC19-316","Samp","Al MultiCal","","-","g/mL",75.31,"-","-"
"CC19-316","Samp","Ca MultiCal","o","-","g/mL",56.65,"-","-"
"CC19-316","Samp","Cu MultiCal","","-","g/mL",0.09,"-","-"
"CC19-316","Samp","Fe MultiCal","","-","g/mL",9.25,"-","-"
"CC19-316","Samp","K MultiCal","","-","g/mL",20.37,"-","-"
"CC19-316","Samp","Mg  MultiCal","","-","g/mL",20.00,"-","-"
"CC19-316","Samp","Mn MultiCal","","-","g/mL",7.40,"-","-"
"CC19-316","Samp","P MultiCal","","-","g/mL",3.66,"-","-"
"CC19-316","Samp","S MultiCal","","-","g/mL",0.94,"-","-"
"CC19-316","Samp","Zn MultiCal","","-","g/mL",0.11,"-","-"
"CC19-317","Samp","Al MultiCal","","-","g/mL",72.93,"-","-"
"CC19-317","Samp","Ca MultiCal","o","-","g/mL",58.60,"-","-"
"CC19-317","Samp","Cu MultiCal","","-","g/mL",0.09,"-","-"
"CC19-317","Samp","Fe MultiCal","","-","g/mL",8.21,"-","-"
"CC19-317","Samp","K MultiCal","","-","g/mL",10.54,"-","-"
"CC19-317","Samp","Mg  MultiCal","","-","g/mL",22.50,"-","-"
"CC19-317","Samp","Mn MultiCal","","-","g/mL",8.00,"-","-"
"CC19-317","Samp","P MultiCal","","-","g/mL",1.05,"-","-"
"CC19-317","Samp","S MultiCal","","-","g/mL",0.93,"-","-"
"CC19-317","Samp","Zn MultiCal","","-","g/mL",0.08,"-","-"
"CC19-318","Samp","Al MultiCal","","-","g/mL",75.38,"-","-"
"CC19-318","Samp","Ca MultiCal","o","-","g/mL",54.41,"-","-"
"CC19-318","Samp","Cu MultiCal","","-","g/mL",0.08,"-","-"
"CC19-318","Samp","Fe MultiCal","","-","g/mL",9.37,"-","-"
"CC19-318","Samp","K MultiCal","","-","g/mL",12.10,"-","-"
"CC19-318","Samp","Mg  MultiCal","","-","g/mL",14.59,"-","-"
"CC19-318","Samp","Mn MultiCal","","-","g/mL",9.59,"-","-"
"CC19-318","Samp","P MultiCal","","-","g/mL",1.77,"-","-"
"CC19-318","Samp","S MultiCal","","-","g/mL",1.22,"-","-"
"CC19-318","Samp","Zn MultiCal","","-","g/mL",0.10,"-","-"
"CC19-319","Samp","Al MultiCal","","-","g/mL",73.63,"-","-"
"CC19-319","Samp","Ca MultiCal","o","-","g/mL",59.88,"-","-"
"CC19-319","Samp","Cu MultiCal","","-","g/mL",0.09,"-","-"
"CC19-319","Samp","Fe MultiCal","","-","g/mL",8.73,"-","-"
"CC19-319","Samp","K MultiCal","","-","g/mL",8.29,"-","-"
"CC19-319","Samp","Mg  MultiCal","","-","g/mL",16.20,"-","-"
"CC19-319","Samp","Mn MultiCal","","-","g/mL",9.50,"-","-"
"CC19-319","Samp","P MultiCal","","-","g/mL",1.33,"-","-"
"CC19-319","Samp","S MultiCal","","-","g/mL",1.16,"-","-"
"CC19-319","Samp","Zn MultiCal","","-","g/mL",0.09,"-","-"
"CC19-320","Samp","Al MultiCal","","-","g/mL",74.73,"-","-"
"CC19-320","Samp","Ca MultiCal","o","-","g/mL",61.03,"-","-"
"CC19-320","Samp","Cu MultiCal","","-","g/mL",0.10,"-","-"
"CC19-320","Samp","Fe MultiCal","","-","g/mL",9.42,"-","-"
"CC19-320","Samp","K MultiCal","","-","g/mL",16.79,"-","-"
"CC19-320","Samp","Mg  MultiCal","","-","g/mL",16.78,"-","-"
"CC19-320","Samp","Mn MultiCal","","-","g/mL",11.17,"-","-"
"CC19-320","Samp","P MultiCal","","-","g/mL",3.21,"-","-"
"CC19-320","Samp","S MultiCal","","-","g/mL",1.11,"-","-"
"CC19-320","Samp","Zn MultiCal","","-","g/mL",0.14,"-","-"
"CC19-321","Samp","Al MultiCal","","-","g/mL",73.12,"-","-"
"CC19-321","Samp","Ca MultiCal","o","-","g/mL",66.43,"-","-"
"CC19-321","Samp","Cu MultiCal","","-","g/mL",0.11,"-","-"
"CC19-321","Samp","Fe MultiCal","","-","g/mL",9.10,"-","-"
"CC19-321","Samp","K MultiCal","","-","g/mL",8.45,"-","-"
"CC19-321","Samp","Mg  MultiCal","","-","g/mL",17.86,"-","-"
"CC19-321","Samp","Mn MultiCal","","-","g/mL",10.68,"-","-"
"CC19-321","Samp","P MultiCal","","-","g/mL",1.77,"-","-"
"CC19-321","Samp","S MultiCal","","-","g/mL",1.14,"-","-"
"CC19-321","Samp","Zn MultiCal","","-","g/mL",0.12,"-","-"
"CC19-322","Samp","Al MultiCal","","-","g/mL",74.70,"-","-"
"CC19-322","Samp","Ca MultiCal","o","-","g/mL",59.41,"-","-"
"CC19-322","Samp","Cu MultiCal","","-","g/mL",0.09,"-","-"
"CC19-322","Samp","Fe MultiCal","","-","g/mL",8.88,"-","-"
"CC19-322","Samp","K MultiCal","","-","g/mL",12.31,"-","-"
"CC19-322","Samp","Mg  MultiCal","","-","g/mL",17.62,"-","-"
"CC19-322","Samp","Mn MultiCal","","-","g/mL",10.33,"-","-"
"CC19-322","Samp","P MultiCal","","-","g/mL",3.18,"-","-"
"CC19-322","Samp","S MultiCal","","-","g/mL",1.06,"-","-"
"CC19-322","Samp","Zn MultiCal","","-","g/mL",0.14,"-","-"
"CC19-323","Samp","Al MultiCal","","-","g/mL",74.14,"-","-"
"CC19-323","Samp","Ca MultiCal","o","-","g/mL",61.46,"-","-"
"CC19-323","Samp","Cu MultiCal","","-","g/mL",0.08,"-","-"
"CC19-323","Samp","Fe MultiCal","","-","g/mL",8.26,"-","-"
"CC19-323","Samp","K MultiCal","","-","g/mL",9.03,"-","-"
"CC19-323","Samp","Mg  MultiCal","","-","g/mL",17.35,"-","-"
"CC19-323","Samp","Mn MultiCal","","-","g/mL",9.58,"-","-"
"CC19-323","Samp","P MultiCal","","-","g/mL",1.23,"-","-"
"CC19-323","Samp","S MultiCal","","-","g/mL",0.98,"-","-"
"CC19-323","Samp","Zn MultiCal","","-","g/mL",0.11,"-","-"
"CC19-324","Samp","Al MultiCal","","-","g/mL",73.58,"-","-"
"CC19-324","Samp","Ca MultiCal","o","-","g/mL",70.42,"-","-"
"CC19-324","Samp","Cu MultiCal","","-","g/mL",0.12,"-","-"
"CC19-324","Samp","Fe MultiCal","","-","g/mL",8.96,"-","-"
"CC19-324","Samp","K MultiCal","","-","g/mL",14.25,"-","-"
"CC19-324","Samp","Mg  MultiCal","","-","g/mL",23.21,"-","-"
"CC19-324","Samp","Mn MultiCal","","-","g/mL",16.18,"-","-"
"CC19-324","Samp","P MultiCal","","-","g/mL",3.02,"-","-"
"CC19-324","Samp","S MultiCal","","-","g/mL",1.15,"-","-"
"CC19-324","Samp","Zn MultiCal","","-","g/mL",0.22,"-","-"
"CC19-325","Samp","Al MultiCal","","-","g/mL",73.38,"-","-"
"CC19-325","Samp","Ca MultiCal","o","-","g/mL",73.74,"-","-"
"CC19-325","Samp","Cu MultiCal","","-","g/mL",0.10,"-","-"
"CC19-325","Samp","Fe MultiCal","","-","g/mL",8.66,"-","-"
"CC19-325","Samp","K MultiCal","","-","g/mL",7.68,"-","-"
"CC19-325","Samp","Mg  MultiCal","","-","g/mL",22.92,"-","-"
"CC19-325","Samp","Mn MultiCal","","-","g/mL",14.58,"-","-"
"CC19-325","Samp","P MultiCal","","-","g/mL",2.34,"-","-"
"CC19-325","Samp","S MultiCal","","-","g/mL",1.04,"-","-"
"CC19-325","Samp","Zn MultiCal","","-","g/mL",0.15,"-","-"
"blank","Samp","Al MultiCal","","-","g/mL",5.22,"-","-"
"blank","Samp","Ca MultiCal","","-","g/mL",1.70,"-","-"
"blank","Samp","Fe MultiCal","","-","g/mL",0.08,"-","-"
"blank","Samp","K MultiCal","","-","g/mL",2.96,"-","-"
"blank","Samp","Mg  MultiCal","","-","g/mL",0.55,"-","-"
"blank","Samp","S MultiCal","","-","g/mL",0.12,"-","-"
"blank","Samp","Zn MultiCal","","-","g/mL",0.02,"-","-"
"blank","Samp","Al MultiCal","","-","g/mL",5.24,"-","-"
"blank","Samp","Ca MultiCal","","-","g/mL",1.31,"-","-"
"blank","Samp","Fe MultiCal","","-","g/mL",0.07,"-","-"
"blank","Samp","K MultiCal","","-","g/mL",2.99,"-","-"
"blank","Samp","Mg  MultiCal","","-","g/mL",0.48,"-","-"
"blank","Samp","S MultiCal","","-","g/mL",0.09,"-","-"
"HAG","Samp","Al MultiCal","","-","g/mL",74.27,"-","-"
"HAG","Samp","Ca MultiCal","o","-","g/mL",69.73,"-","-"
"HAG","Samp","Cu MultiCal","","-","g/mL",0.05,"-","-"
"HAG","Samp","Fe MultiCal","","-","g/mL",9.54,"-","-"
"HAG","Samp","K MultiCal","","-","g/mL",9.60,"-","-"
"HAG","Samp","Mg  MultiCal","","-","g/mL",9.66,"-","-"
"HAG","Samp","Mn MultiCal","","-","g/mL",9.60,"-","-"
"HAG","Samp","P MultiCal","","-","g/mL",3.16,"-","-"
"HAG","Samp","S MultiCal","","-","g/mL",3.12,"-","-"
"HAG","Samp","Zn MultiCal","","-","g/mL",0.17,"-","-"
"HAG","Samp","Al MultiCal","","-","g/mL",73.49,"-","-"
"HAG","Samp","Ca MultiCal","o","-","g/mL",70.54,"-","-"
"HAG","Samp","Cu MultiCal","","-","g/mL",0.05,"-","-"
"HAG","Samp","Fe MultiCal","","-","g/mL",9.47,"-","-"
"HAG","Samp","K MultiCal","","-","g/mL",8.67,"-","-"
"HAG","Samp","Mg  MultiCal","","-","g/mL",9.41,"-","-"
"HAG","Samp","Mn MultiCal","","-","g/mL",9.91,"-","-"
"HAG","Samp","P MultiCal","","-","g/mL",3.18,"-","-"
"HAG","Samp","S MultiCal","","-","g/mL",3.05,"-","-"
"HAG","Samp","Zn MultiCal","","-","g/mL",0.18,"-","-"
"CC19-326","Samp","Al MultiCal","","-","g/mL",59.90,"-","-"
"CC19-326","Samp","Ca MultiCal","o","-","g/mL",61.26,"-","-"
"CC19-326","Samp","Cu MultiCal","","-","g/mL",0.09,"-","-"
"CC19-326","Samp","Fe MultiCal","","-","g/mL",6.33,"-","-"
"CC19-326","Samp","K MultiCal","","-","g/mL",10.01,"-","-"
"CC19-326","Samp","Mg  MultiCal","","-","g/mL",9.79,"-","-"
"CC19-326","Samp","Mn MultiCal","","-","g/mL",6.68,"-","-"
"CC19-326","Samp","P MultiCal","","-","g/mL",1.11,"-","-"
"CC19-326","Samp","S MultiCal","","-","g/mL",1.00,"-","-"
"CC19-326","Samp","Zn MultiCal","","-","g/mL",0.14,"-","-"
"CC19-327","Samp","Al MultiCal","","-","g/mL",65.97,"-","-"
"CC19-327","Samp","Ca MultiCal","o","-","g/mL",41.50,"-","-"
"CC19-327","Samp","Cu MultiCal","","-","g/mL",0.09,"-","-"
"CC19-327","Samp","Fe MultiCal","","-","g/mL",6.70,"-","-"
"CC19-327","Samp","K MultiCal","","-","g/mL",7.43,"-","-"
"CC19-327","Samp","Mg  MultiCal","","-","g/mL",10.41,"-","-"
"CC19-327","Samp","Mn MultiCal","","-","g/mL",7.00,"-","-"
"CC19-327","Samp","P MultiCal","","-","g/mL",0.68,"-","-"
"CC19-327","Samp","S MultiCal","","-","g/mL",1.02,"-","-"
"CC19-327","Samp","Zn MultiCal","","-","g/mL",0.07,"-","-"
"CC19-328","Samp","Al MultiCal","","-","g/mL",57.17,"-","-"
"CC19-328","Samp","Ca MultiCal","o","-","g/mL",65.96,"-","-"
"CC19-328","Samp","Cu MultiCal","","-","g/mL",0.09,"-","-"
"CC19-328","Samp","Fe MultiCal","","-","g/mL",6.98,"-","-"
"CC19-328","Samp","K MultiCal","","-","g/mL",12.58,"-","-"
"CC19-328","Samp","Mg  MultiCal","","-","g/mL",10.70,"-","-"
"CC19-328","Samp","Mn MultiCal","","-","g/mL",9.90,"-","-"
"CC19-328","Samp","P MultiCal","","-","g/mL",1.60,"-","-"
"CC19-328","Samp","S MultiCal","","-","g/mL",0.99,"-","-"
"CC19-328","Samp","Zn MultiCal","","-","g/mL",0.21,"-","-"
"CC19-329","Samp","Al MultiCal","","-","g/mL",64.22,"-","-"
"CC19-329","Samp","Ca MultiCal","o","-","g/mL",44.59,"-","-"
"CC19-329","Samp","Cu MultiCal","","-","g/mL",0.09,"-","-"
"CC19-329","Samp","Fe MultiCal","","-","g/mL",6.65,"-","-"
"CC19-329","Samp","K MultiCal","","-","g/mL",8.14,"-","-"
"CC19-329","Samp","Mg  MultiCal","","-","g/mL",11.23,"-","-"
"CC19-329","Samp","Mn MultiCal","","-","g/mL",9.49,"-","-"
"CC19-329","Samp","P MultiCal","","-","g/mL",1.02,"-","-"
"CC19-329","Samp","S MultiCal","","-","g/mL",1.11,"-","-"
"CC19-329","Samp","Zn MultiCal","","-","g/mL",0.12,"-","-"
"CC19-330","Samp","Al MultiCal","","-","g/mL",67.96,"-","-"
"CC19-330","Samp","Ca MultiCal","o","-","g/mL",42.96,"-","-"
"CC19-330","Samp","Cu MultiCal","","-","g/mL",0.06,"-","-"
"CC19-330","Samp","Fe MultiCal","","-","g/mL",7.12,"-","-"
"CC19-330","Samp","K MultiCal","","-","g/mL",6.01,"-","-"
"CC19-330","Samp","Mg  MultiCal","","-","g/mL",5.04,"-","-"
"CC19-330","Samp","Mn MultiCal","","-","g/mL",9.53,"-","-"
"CC19-330","Samp","P MultiCal","","-","g/mL",1.64,"-","-"
"CC19-330","Samp","S MultiCal","","-","g/mL",1.53,"-","-"
"CC19-330","Samp","Zn MultiCal","","-","g/mL",0.11,"-","-"
"CC19-331","Samp","Al MultiCal","","-","g/mL",70.81,"-","-"
"CC19-331","Samp","Ca MultiCal","o","-","g/mL",33.44,"-","-"
"CC19-331","Samp","Cu MultiCal","","-","g/mL",0.06,"-","-"
"CC19-331","Samp","Fe MultiCal","","-","g/mL",6.94,"-","-"
"CC19-331","Samp","K MultiCal","","-","g/mL",4.87,"-","-"
"CC19-331","Samp","Mg  MultiCal","","-","g/mL",5.41,"-","-"
"CC19-331","Samp","Mn MultiCal","","-","g/mL",8.79,"-","-"
"CC19-331","Samp","P MultiCal","","-","g/mL",1.08,"-","-"
"CC19-331","Samp","S MultiCal","","-","g/mL",1.63,"-","-"
"CC19-331","Samp","Zn MultiCal","","-","g/mL",0.07,"-","-"
"CC19-332","Samp","Al MultiCal","","-","g/mL",70.57,"-","-"
"CC19-332","Samp","Ca MultiCal","o","-","g/mL",61.41,"-","-"
"CC19-332","Samp","Cu MultiCal","","-","g/mL",0.08,"-","-"
"CC19-332","Samp","Fe MultiCal","","-","g/mL",8.10,"-","-"
"CC19-332","Samp","K MultiCal","","-","g/mL",8.07,"-","-"
"CC19-332","Samp","Mg  MultiCal","","-","g/mL",6.45,"-","-"
"CC19-332","Samp","Mn MultiCal","","-","g/mL",11.51,"-","-"
"CC19-332","Samp","P MultiCal","","-","g/mL",3.21,"-","-"
"CC19-332","Samp","S MultiCal","","-","g/mL",1.42,"-","-"
"CC19-332","Samp","Zn MultiCal","","-","g/mL",0.26,"-","-"
"CC19-333","Samp","Al MultiCal","","-","g/mL",75.10,"-","-"
"CC19-333","Samp","Ca MultiCal","o","-","g/mL",26.78,"-","-"
"CC19-333","Samp","Cu MultiCal","","-","g/mL",0.09,"-","-"
"CC19-333","Samp","Fe MultiCal","","-","g/mL",7.69,"-","-"
"CC19-333","Samp","K MultiCal","","-","g/mL",5.43,"-","-"
"CC19-333","Samp","Mg  MultiCal","","-","g/mL",2.91,"-","-"
"CC19-333","Samp","Mn MultiCal","","-","g/mL",10.31,"-","-"
"CC19-333","Samp","P MultiCal","","-","g/mL",1.69,"-","-"
"CC19-333","Samp","S MultiCal","","-","g/mL",2.02,"-","-"
"CC19-333","Samp","Zn MultiCal","","-","g/mL",0.08,"-","-"
"CC19-334","Samp","Al MultiCal","","-","g/mL",62.86,"-","-"
"CC19-334","Samp","Ca MultiCal","o","-","g/mL",61.83,"-","-"
"CC19-334","Samp","Cu MultiCal","","-","g/mL",0.07,"-","-"
"CC19-334","Samp","Fe MultiCal","","-","g/mL",6.18,"-","-"
"CC19-334","Samp","K MultiCal","","-","g/mL",11.33,"-","-"
"CC19-334","Samp","Mg  MultiCal","","-","g/mL",8.55,"-","-"
"CC19-334","Samp","Mn MultiCal","","-","g/mL",5.97,"-","-"
"CC19-334","Samp","P MultiCal","","-","g/mL",1.90,"-","-"
"CC19-334","Samp","S MultiCal","","-","g/mL",1.05,"-","-"
"CC19-334","Samp","Zn MultiCal","","-","g/mL",0.20,"-","-"
"CC19-335","Samp","Al MultiCal","","-","g/mL",72.79,"-","-"
"CC19-335","Samp","Ca MultiCal","o","-","g/mL",33.13,"-","-"
"CC19-335","Samp","Cu MultiCal","","-","g/mL",0.07,"-","-"
"CC19-335","Samp","Fe MultiCal","","-","g/mL",7.03,"-","-"
"CC19-335","Samp","K MultiCal","","-","g/mL",7.61,"-","-"
"CC19-335","Samp","Mg  MultiCal","","-","g/mL",6.00,"-","-"
"CC19-335","Samp","Mn MultiCal","","-","g/mL",5.43,"-","-"
"CC19-335","Samp","P MultiCal","","-","g/mL",0.87,"-","-"
"CC19-335","Samp","S MultiCal","","-","g/mL",1.45,"-","-"
"CC19-335","Samp","Zn MultiCal","","-","g/mL",0.06,"-","-"
"CC19-336","Samp","Al MultiCal","","-","g/mL",72.84,"-","-"
"CC19-336","Samp","Ca MultiCal","o","-","g/mL",49.78,"-","-"
"CC19-336","Samp","Cu MultiCal","","-","g/mL",0.07,"-","-"
"CC19-336","Samp","Fe MultiCal","","-","g/mL",9.37,"-","-"
"CC19-336","Samp","K MultiCal","","-","g/mL",8.86,"-","-"
"CC19-336","Samp","Mg  MultiCal","","-","g/mL",4.35,"-","-"
"CC19-336","Samp","Mn MultiCal","","-","g/mL",8.78,"-","-"
"CC19-336","Samp","P MultiCal","","-","g/mL",6.02,"-","-"
"CC19-336","Samp","S MultiCal","","-","g/mL",1.78,"-","-"
"CC19-336","Samp","Zn MultiCal","","-","g/mL",0.26,"-","-"
"CC19-337","Samp","Al MultiCal","","-","g/mL",79.99,"-","-"
"CC19-337","Samp","Ca MultiCal","o","-","g/mL",17.51,"-","-"
"CC19-337","Samp","Cu MultiCal","","-","g/mL",0.06,"-","-"
"CC19-337","Samp","Fe MultiCal","","-","g/mL",9.66,"-","-"
"CC19-337","Samp","K MultiCal","","-","g/mL",6.36,"-","-"
"CC19-337","Samp","Mg  MultiCal","","-","g/mL",1.48,"-","-"
"CC19-337","Samp","Mn MultiCal","","-","g/mL",8.56,"-","-"
"CC19-337","Samp","P MultiCal","","-","g/mL",3.34,"-","-"
"CC19-337","Samp","S MultiCal","","-","g/mL",2.66,"-","-"
"CC19-337","Samp","Zn MultiCal","","-","g/mL",0.13,"-","-"
"CC19-338","Samp","Al MultiCal","","-","g/mL",72.92,"-","-"
"CC19-338","Samp","Ca MultiCal","o","-","g/mL",70.03,"-","-"
"CC19-338","Samp","Cu MultiCal","","-","g/mL",0.06,"-","-"
"CC19-338","Samp","Fe MultiCal","","-","g/mL",7.95,"-","-"
"CC19-338","Samp","K MultiCal","","-","g/mL",7.12,"-","-"
"CC19-338","Samp","Mg  MultiCal","","-","g/mL",4.77,"-","-"
"CC19-338","Samp","Mn MultiCal","","-","g/mL",11.63,"-","-"
"CC19-338","Samp","P MultiCal","","-","g/mL",5.03,"-","-"
"CC19-338","Samp","S MultiCal","","-","g/mL",1.63,"-","-"
"CC19-338","Samp","Zn MultiCal","","-","g/mL",0.30,"-","-"
"CC19-339","Samp","Al MultiCal","","-","g/mL",81.74,"-","-"
"CC19-339","Samp","Ca MultiCal","o","-","g/mL",20.62,"-","-"
"CC19-339","Samp","Cu MultiCal","","-","g/mL",0.06,"-","-"
"CC19-339","Samp","Fe MultiCal","","-","g/mL",8.35,"-","-"
"CC19-339","Samp","K MultiCal","","-","g/mL",4.70,"-","-"
"CC19-339","Samp","Mg  MultiCal","","-","g/mL",1.64,"-","-"
"CC19-339","Samp","Mn MultiCal","","-","g/mL",11.21,"-","-"
"CC19-339","Samp","P MultiCal","","-","g/mL",2.33,"-","-"
"CC19-339","Samp","S MultiCal","","-","g/mL",2.25,"-","-"
"CC19-339","Samp","Zn MultiCal","","-","g/mL",0.12,"-","-"
"CC19-340","Samp","Al MultiCal","","-","g/mL",72.51,"-","-"
"CC19-340","Samp","Ca MultiCal","o","-","g/mL",61.88,"-","-"
"CC19-340","Samp","Cu MultiCal","","-","g/mL",0.10,"-","-"
"CC19-340","Samp","Fe MultiCal","","-","g/mL",8.57,"-","-"
"CC19-340","Samp","K MultiCal","","-","g/mL",10.33,"-","-"
"CC19-340","Samp","Mg  MultiCal","","-","g/mL",6.20,"-","-"
"CC19-340","Samp","Mn MultiCal","","-","g/mL",14.08,"-","-"
"CC19-340","Samp","P MultiCal","","-","g/mL",5.70,"-","-"
"CC19-340","Samp","S MultiCal","","-","g/mL",1.57,"-","-"
"CC19-340","Samp","Zn MultiCal","","-","g/mL",0.32,"-","-"
"CC19-341","Samp","Al MultiCal","","-","g/mL",78.28,"-","-"
"CC19-341","Samp","Ca MultiCal","o","-","g/mL",27.71,"-","-"
"CC19-341","Samp","Cu MultiCal","","-","g/mL",0.08,"-","-"
"CC19-341","Samp","Fe MultiCal","","-","g/mL",8.00,"-","-"
"CC19-341","Samp","K MultiCal","","-","g/mL",6.35,"-","-"
"CC19-341","Samp","Mg  MultiCal","","-","g/mL",2.85,"-","-"
"CC19-341","Samp","Mn MultiCal","","-","g/mL",11.47,"-","-"
"CC19-341","Samp","P MultiCal","","-","g/mL",2.05,"-","-"
"CC19-341","Samp","S MultiCal","","-","g/mL",2.02,"-","-"
"CC19-341","Samp","Zn MultiCal","","-","g/mL",0.12,"-","-"
"CC19-342","Samp","Al MultiCal","","-","g/mL",69.15,"-","-"
"CC19-342","Samp","Ca MultiCal","o","-","g/mL",42.52,"-","-"
"CC19-342","Samp","Cu MultiCal","","-","g/mL",0.06,"-","-"
"CC19-342","Samp","Fe MultiCal","","-","g/mL",7.78,"-","-"
"CC19-342","Samp","K MultiCal","","-","g/mL",11.75,"-","-"
"CC19-342","Samp","Mg  MultiCal","","-","g/mL",7.92,"-","-"
"CC19-342","Samp","Mn MultiCal","","-","g/mL",7.37,"-","-"
"CC19-342","Samp","P MultiCal","","-","g/mL",3.39,"-","-"
"CC19-342","Samp","S MultiCal","","-","g/mL",1.25,"-","-"
"CC19-342","Samp","Zn MultiCal","","-","g/mL",0.27,"-","-"
"CC19-343","Samp","Al MultiCal","","-","g/mL",72.89,"-","-"
"CC19-343","Samp","Ca MultiCal","o","-","g/mL",32.24,"-","-"
"CC19-343","Samp","Cu MultiCal","","-","g/mL",0.06,"-","-"
"CC19-343","Samp","Fe MultiCal","","-","g/mL",7.22,"-","-"
"CC19-343","Samp","K MultiCal","","-","g/mL",6.94,"-","-"
"CC19-343","Samp","Mg  MultiCal","","-","g/mL",5.97,"-","-"
"CC19-343","Samp","Mn MultiCal","","-","g/mL",7.22,"-","-"
"CC19-343","Samp","P MultiCal","","-","g/mL",1.17,"-","-"
"CC19-343","Samp","S MultiCal","","-","g/mL",1.43,"-","-"
"CC19-343","Samp","Zn MultiCal","","-","g/mL",0.07,"-","-"
"CC19-344","Samp","Al MultiCal","","-","g/mL",69.16,"-","-"
"CC19-344","Samp","Ca MultiCal","o","-","g/mL",61.85,"-","-"
"CC19-344","Samp","Cu MultiCal","","-","g/mL",0.06,"-","-"
"CC19-344","Samp","Fe MultiCal","","-","g/mL",7.96,"-","-"
"CC19-344","Samp","K MultiCal","","-","g/mL",9.74,"-","-"
"CC19-344","Samp","Mg  MultiCal","","-","g/mL",5.13,"-","-"
"CC19-344","Samp","Mn MultiCal","","-","g/mL",9.59,"-","-"
"CC19-344","Samp","P MultiCal","","-","g/mL",3.28,"-","-"
"CC19-344","Samp","S MultiCal","","-","g/mL",1.32,"-","-"
"CC19-344","Samp","Zn MultiCal","","-","g/mL",0.19,"-","-"
"CC19-345","Samp","Al MultiCal","","-","g/mL",75.43,"-","-"
"CC19-345","Samp","Ca MultiCal","o","-","g/mL",20.61,"-","-"
"CC19-345","Samp","Cu MultiCal","","-","g/mL",0.05,"-","-"
"CC19-345","Samp","Fe MultiCal","","-","g/mL",8.31,"-","-"
"CC19-345","Samp","K MultiCal","","-","g/mL",5.69,"-","-"
"CC19-345","Samp","Mg  MultiCal","","-","g/mL",2.24,"-","-"
"CC19-345","Samp","Mn MultiCal","","-","g/mL",8.71,"-","-"
"CC19-345","Samp","P MultiCal","","-","g/mL",1.90,"-","-"
"CC19-345","Samp","S MultiCal","","-","g/mL",1.93,"-","-"
"CC19-345","Samp","Zn MultiCal","","-","g/mL",0.09,"-","-"
"CC19-346","Samp","Al MultiCal","","-","g/mL",67.15,"-","-"
"CC19-346","Samp","Ca MultiCal","o","-","g/mL",66.66,"-","-"
"CC19-346","Samp","Cu MultiCal","","-","g/mL",0.06,"-","-"
"CC19-346","Samp","Fe MultiCal","","-","g/mL",7.54,"-","-"
"CC19-346","Samp","K MultiCal","","-","g/mL",8.03,"-","-"
"CC19-346","Samp","Mg  MultiCal","","-","g/mL",5.33,"-","-"
"CC19-346","Samp","Mn MultiCal","","-","g/mL",11.26,"-","-"
"CC19-346","Samp","P MultiCal","","-","g/mL",3.71,"-","-"
"CC19-346","Samp","S MultiCal","","-","g/mL",1.34,"-","-"
"CC19-346","Samp","Zn MultiCal","","-","g/mL",0.23,"-","-"
"CC19-347","Samp","Al MultiCal","","-","g/mL",77.38,"-","-"
"CC19-347","Samp","Ca MultiCal","o","-","g/mL",26.80,"-","-"
"CC19-347","Samp","Cu MultiCal","","-","g/mL",0.05,"-","-"
"CC19-347","Samp","Fe MultiCal","","-","g/mL",7.90,"-","-"
"CC19-347","Samp","K MultiCal","","-","g/mL",4.43,"-","-"
"CC19-347","Samp","Mg  MultiCal","","-","g/mL",2.16,"-","-"
"CC19-347","Samp","Mn MultiCal","","-","g/mL",9.42,"-","-"
"CC19-347","Samp","P MultiCal","","-","g/mL",1.74,"-","-"
"CC19-347","Samp","S MultiCal","","-","g/mL",1.84,"-","-"
"CC19-347","Samp","Zn MultiCal","","-","g/mL",0.09,"-","-"
"CC19-348","Samp","Al MultiCal","","-","g/mL",66.69,"-","-"
"CC19-348","Samp","Ca MultiCal","o","-","g/mL",72.49,"-","-"
"CC19-348","Samp","Cu MultiCal","","-","g/mL",0.09,"-","-"
"CC19-348","Samp","Fe MultiCal","","-","g/mL",7.53,"-","-"
"CC19-348","Samp","K MultiCal","","-","g/mL",12.03,"-","-"
"CC19-348","Samp","Mg  MultiCal","","-","g/mL",6.34,"-","-"
"CC19-348","Samp","Mn MultiCal","","-","g/mL",11.72,"-","-"
"CC19-348","Samp","P MultiCal","","-","g/mL",5.26,"-","-"
"CC19-348","Samp","S MultiCal","","-","g/mL",1.38,"-","-"
"CC19-348","Samp","Zn MultiCal","","-","g/mL",0.37,"-","-"
"CC19-349","Samp","Al MultiCal","","-","g/mL",78.20,"-","-"
"CC19-349","Samp","Ca MultiCal","o","-","g/mL",34.10,"-","-"
"CC19-349","Samp","Cu MultiCal","","-","g/mL",0.06,"-","-"
"CC19-349","Samp","Fe MultiCal","","-","g/mL",7.52,"-","-"
"CC19-349","Samp","K MultiCal","","-","g/mL",7.40,"-","-"
"CC19-349","Samp","Mg  MultiCal","","-","g/mL",2.66,"-","-"
"CC19-349","Samp","Mn MultiCal","","-","g/mL",9.92,"-","-"
"CC19-349","Samp","P MultiCal","","-","g/mL",2.09,"-","-"
"CC19-349","Samp","S MultiCal","","-","g/mL",1.66,"-","-"
"CC19-349","Samp","Zn MultiCal","","-","g/mL",0.12,"-","-"
"CC19-350","Samp","Al MultiCal","","-","g/mL",73.07,"-","-"
"CC19-350","Samp","Ca MultiCal","o","-","g/mL",59.95,"-","-"
"CC19-350","Samp","Cu MultiCal","","-","g/mL",0.08,"-","-"
"CC19-350","Samp","Fe MultiCal","","-","g/mL",8.77,"-","-"
"CC19-350","Samp","K MultiCal","","-","g/mL",8.61,"-","-"
"CC19-350","Samp","Mg  MultiCal","","-","g/mL",6.05,"-","-"
"CC19-350","Samp","Mn MultiCal","","-","g/mL",11.28,"-","-"
"CC19-350","Samp","P MultiCal","","-","g/mL",6.24,"-","-"
"CC19-350","Samp","S MultiCal","","-","g/mL",1.47,"-","-"
"CC19-350","Samp","Zn MultiCal","","-","g/mL",0.34,"-","-"
"CC19-351","Samp","Al MultiCal","","-","g/mL",78.57,"-","-"
"CC19-351","Samp","Ca MultiCal","o","-","g/mL",18.22,"-","-"
"CC19-351","Samp","Cu MultiCal","","-","g/mL",0.05,"-","-"
"CC19-351","Samp","Fe MultiCal","","-","g/mL",8.24,"-","-"
"CC19-351","Samp","K MultiCal","","-","g/mL",5.01,"-","-"
"CC19-351","Samp","Mg  MultiCal","","-","g/mL",1.67,"-","-"
"CC19-351","Samp","Mn MultiCal","","-","g/mL",7.69,"-","-"
"CC19-351","Samp","P MultiCal","","-","g/mL",3.07,"-","-"
"CC19-351","Samp","S MultiCal","","-","g/mL",2.31,"-","-"
"CC19-351","Samp","Zn MultiCal","","-","g/mL",0.10,"-","-"
"CC19-352","Samp","Al MultiCal","","-","g/mL",72.16,"-","-"
"CC19-352","Samp","Ca MultiCal","o","-","g/mL",58.95,"-","-"
"CC19-352","Samp","Cu MultiCal","","-","g/mL",0.07,"-","-"
"CC19-352","Samp","Fe MultiCal","","-","g/mL",8.58,"-","-"
"CC19-352","Samp","K MultiCal","","-","g/mL",7.73,"-","-"
"CC19-352","Samp","Mg  MultiCal","","-","g/mL",4.62,"-","-"
"CC19-352","Samp","Mn MultiCal","","-","g/mL",11.77,"-","-"
"CC19-352","Samp","P MultiCal","","-","g/mL",5.15,"-","-"
"CC19-352","Samp","S MultiCal","","-","g/mL",1.47,"-","-"
"CC19-352","Samp","Zn MultiCal","","-","g/mL",0.31,"-","-"
"CC19-353","Samp","Al MultiCal","","-","g/mL",77.09,"-","-"
"CC19-353","Samp","Ca MultiCal","o","-","g/mL",24.52,"-","-"
"CC19-353","Samp","Cu MultiCal","","-","g/mL",0.06,"-","-"
"CC19-353","Samp","Fe MultiCal","","-","g/mL",8.67,"-","-"
"CC19-353","Samp","K MultiCal","","-","g/mL",5.05,"-","-"
"CC19-353","Samp","Mg  MultiCal","","-","g/mL",1.95,"-","-"
"CC19-353","Samp","Mn MultiCal","","-","g/mL",9.08,"-","-"
"CC19-353","Samp","P MultiCal","","-","g/mL",2.60,"-","-"
"CC19-353","Samp","S MultiCal","","-","g/mL",1.94,"-","-"
"CC19-353","Samp","Zn MultiCal","","-","g/mL",0.12,"-","-"
"CC19-354","Samp","Al MultiCal","","-","g/mL",72.55,"-","-"
"CC19-354","Samp","Ca MultiCal","o","-","g/mL",54.85,"-","-"
"CC19-354","Samp","Cu MultiCal","","-","g/mL",0.05,"-","-"
"CC19-354","Samp","Fe MultiCal","","-","g/mL",8.14,"-","-"
"CC19-354","Samp","K MultiCal","","-","g/mL",6.38,"-","-"
"CC19-354","Samp","Mg  MultiCal","","-","g/mL",4.08,"-","-"
"CC19-354","Samp","Mn MultiCal","","-","g/mL",12.55,"-","-"
"CC19-354","Samp","P MultiCal","","-","g/mL",5.05,"-","-"
"CC19-354","Samp","S MultiCal","","-","g/mL",1.41,"-","-"
"CC19-354","Samp","Zn MultiCal","","-","g/mL",0.24,"-","-"
"CC19-355","Samp","Al MultiCal","","-","g/mL",77.39,"-","-"
"CC19-355","Samp","Ca MultiCal","o","-","g/mL",19.28,"-","-"
"CC19-355","Samp","Cu MultiCal","","-","g/mL",0.05,"-","-"
"CC19-355","Samp","Fe MultiCal","","-","g/mL",8.34,"-","-"
"CC19-355","Samp","K MultiCal","","-","g/mL",5.47,"-","-"
"CC19-355","Samp","Mg  MultiCal","","-","g/mL",1.63,"-","-"
"CC19-355","Samp","Mn MultiCal","","-","g/mL",11.40,"-","-"
"CC19-355","Samp","P MultiCal","","-","g/mL",2.39,"-","-"
"CC19-355","Samp","S MultiCal","","-","g/mL",1.98,"-","-"
"CC19-355","Samp","Zn MultiCal","","-","g/mL",0.13,"-","-"
"CC19-356","Samp","Al MultiCal","","-","g/mL",65.22,"-","-"
"CC19-356","Samp","Ca MultiCal","o","-","g/mL",67.43,"-","-"
"CC19-356","Samp","Cu MultiCal","","-","g/mL",0.07,"-","-"
"CC19-356","Samp","Fe MultiCal","","-","g/mL",7.04,"-","-"
"CC19-356","Samp","K MultiCal","","-","g/mL",7.96,"-","-"
"CC19-356","Samp","Mg  MultiCal","","-","g/mL",5.13,"-","-"
"CC19-356","Samp","Mn MultiCal","","-","g/mL",12.08,"-","-"
"CC19-356","Samp","P MultiCal","","-","g/mL",3.68,"-","-"
"CC19-356","Samp","S MultiCal","","-","g/mL",1.44,"-","-"
"CC19-356","Samp","Zn MultiCal","","-","g/mL",0.20,"-","-"
"CC19-357","Samp","Al MultiCal","","-","g/mL",74.84,"-","-"
"CC19-357","Samp","Ca MultiCal","o","-","g/mL",21.19,"-","-"
"CC19-357","Samp","Cu MultiCal","","-","g/mL",0.05,"-","-"
"CC19-357","Samp","Fe MultiCal","","-","g/mL",7.30,"-","-"
"CC19-357","Samp","K MultiCal","","-","g/mL",6.52,"-","-"
"CC19-357","Samp","Mg  MultiCal","","-","g/mL",1.74,"-","-"
"CC19-357","Samp","Mn MultiCal","","-","g/mL",9.81,"-","-"
"CC19-357","Samp","P MultiCal","","-","g/mL",2.00,"-","-"
"CC19-357","Samp","S MultiCal","","-","g/mL",1.77,"-","-"
"CC19-357","Samp","Zn MultiCal","","-","g/mL",0.09,"-","-"
"CC19-358","Samp","Al MultiCal","","-","g/mL",76.14,"-","-"
"CC19-358","Samp","Ca MultiCal","o","-","g/mL",58.47,"-","-"
"CC19-358","Samp","Cu MultiCal","","-","g/mL",0.08,"-","-"
"CC19-358","Samp","Fe MultiCal","","-","g/mL",7.89,"-","-"
"CC19-358","Samp","K MultiCal","","-","g/mL",8.68,"-","-"
"CC19-358","Samp","Mg  MultiCal","","-","g/mL",4.33,"-","-"
"CC19-358","Samp","Mn MultiCal","","-","g/mL",10.69,"-","-"
"CC19-358","Samp","P MultiCal","","-","g/mL",5.06,"-","-"
"CC19-358","Samp","S MultiCal","","-","g/mL",2.03,"-","-"
"CC19-358","Samp","Zn MultiCal","","-","g/mL",0.21,"-","-"
"CC19-359","Samp","Al MultiCal","","-","g/mL",78.82,"-","-"
"CC19-359","Samp","Ca MultiCal","o","-","g/mL",17.09,"-","-"
"CC19-359","Samp","Cu MultiCal","","-","g/mL",0.05,"-","-"
"CC19-359","Samp","Fe MultiCal","","-","g/mL",7.46,"-","-"
"CC19-359","Samp","K MultiCal","","-","g/mL",5.55,"-","-"
"CC19-359","Samp","Mg  MultiCal","","-","g/mL",1.90,"-","-"
"CC19-359","Samp","Mn MultiCal","","-","g/mL",7.40,"-","-"
"CC19-359","Samp","P MultiCal","","-","g/mL",2.88,"-","-"
"CC19-359","Samp","S MultiCal","","-","g/mL",2.37,"-","-"
"CC19-359","Samp","Zn MultiCal","","-","g/mL",0.08,"-","-"
"CC19-360","Samp","Al MultiCal","","-","g/mL",73.53,"-","-"
"CC19-360","Samp","Ca MultiCal","o","-","g/mL",56.22,"-","-"
"CC19-360","Samp","Cu MultiCal","","-","g/mL",0.06,"-","-"
"CC19-360","Samp","Fe MultiCal","","-","g/mL",7.72,"-","-"
"CC19-360","Samp","K MultiCal","","-","g/mL",8.43,"-","-"
"CC19-360","Samp","Mg  MultiCal","","-","g/mL",3.66,"-","-"
"CC19-360","Samp","Mn MultiCal","","-","g/mL",9.42,"-","-"
"CC19-360","Samp","P MultiCal","","-","g/mL",5.07,"-","-"
"CC19-360","Samp","S MultiCal","","-","g/mL",1.84,"-","-"
"CC19-360","Samp","Zn MultiCal","","-","g/mL",0.21,"-","-"
"CC19-361","Samp","Al MultiCal","","-","g/mL",78.14,"-","-"
"CC19-361","Samp","Ca MultiCal","o","-","g/mL",19.74,"-","-"
"CC19-361","Samp","Cu MultiCal","","-","g/mL",0.05,"-","-"
"CC19-361","Samp","Fe MultiCal","","-","g/mL",8.25,"-","-"
"CC19-361","Samp","K MultiCal","","-","g/mL",5.65,"-","-"
"CC19-361","Samp","Mg  MultiCal","","-","g/mL",1.32,"-","-"
"CC19-361","Samp","Mn MultiCal","","-","g/mL",8.43,"-","-"
"CC19-361","Samp","P MultiCal","","-","g/mL",3.57,"-","-"
"CC19-361","Samp","S MultiCal","","-","g/mL",2.54,"-","-"
"CC19-361","Samp","Zn MultiCal","","-","g/mL",0.11,"-","-"
"blank","Samp","Al MultiCal","","-","g/mL",5.03,"-","-"
"blank","Samp","Ca MultiCal","","-","g/mL",1.50,"-","-"
"blank","Samp","Fe MultiCal","","-","g/mL",0.19,"-","-"
"blank","Samp","K MultiCal","","-","g/mL",2.96,"-","-"
"blank","Samp","Mg  MultiCal","","-","g/mL",0.52,"-","-"
"blank","Samp","S MultiCal","","-","g/mL",0.14,"-","-"
"blank","Samp","Al MultiCal","","-","g/mL",5.05,"-","-"
"blank","Samp","Ca MultiCal","","-","g/mL",1.72,"-","-"
"blank","Samp","Fe MultiCal","","-","g/mL",0.08,"-","-"
"blank","Samp","K MultiCal","","-","g/mL",2.96,"-","-"
"blank","Samp","Mg  MultiCal","","-","g/mL",0.58,"-","-"
"blank","Samp","S MultiCal","","-","g/mL",0.16,"-","-"
"HAG","Samp","Al MultiCal","","-","g/mL",69.84,"-","-"
"HAG","Samp","Ca MultiCal","o","-","g/mL",72.70,"-","-"
"HAG","Samp","Cu MultiCal","","-","g/mL",0.04,"-","-"
"HAG","Samp","Fe MultiCal","","-","g/mL",8.70,"-","-"
"HAG","Samp","K MultiCal","","-","g/mL",8.83,"-","-"
"HAG","Samp","Mg  MultiCal","","-","g/mL",8.98,"-","-"
"HAG","Samp","Mn MultiCal","","-","g/mL",8.97,"-","-"
"HAG","Samp","P MultiCal","","-","g/mL",3.14,"-","-"
"HAG","Samp","S MultiCal","","-","g/mL",3.17,"-","-"
"HAG","Samp","Zn MultiCal","","-","g/mL",0.17,"-","-"
"HAG","Samp","Al MultiCal","","-","g/mL",70.87,"-","-"
"HAG","Samp","Ca MultiCal","o","-","g/mL",67.94,"-","-"
"HAG","Samp","Cu MultiCal","","-","g/mL",0.04,"-","-"
"HAG","Samp","Fe MultiCal","","-","g/mL",8.92,"-","-"
"HAG","Samp","K MultiCal","","-","g/mL",7.85,"-","-"
"HAG","Samp","Mg  MultiCal","","-","g/mL",8.91,"-","-"
"HAG","Samp","Mn MultiCal","","-","g/mL",8.99,"-","-"
"HAG","Samp","P MultiCal","","-","g/mL",3.10,"-","-"
"HAG","Samp","S MultiCal","","-","g/mL",3.04,"-","-"
"HAG","Samp","Zn MultiCal","","-","g/mL",0.17,"-","-"
"CC19-362","Samp","Al MultiCal","","-","g/mL",75.35,"-","-"
"CC19-362","Samp","Ca MultiCal","o","-","g/mL",71.41,"-","-"
"CC19-362","Samp","Cu MultiCal","","-","g/mL",0.07,"-","-"
"CC19-362","Samp","Fe MultiCal","","-","g/mL",8.70,"-","-"
"CC19-362","Samp","K MultiCal","","-","g/mL",7.47,"-","-"
"CC19-362","Samp","Mg  MultiCal","","-","g/mL",5.16,"-","-"
"CC19-362","Samp","Mn MultiCal","","-","g/mL",13.17,"-","-"
"CC19-362","Samp","P MultiCal","","-","g/mL",5.35,"-","-"
"CC19-362","Samp","S MultiCal","","-","g/mL",1.82,"-","-"
"CC19-362","Samp","Zn MultiCal","","-","g/mL",0.38,"-","-"
"CC19-363","Samp","Al MultiCal","","-","g/mL",80.08,"-","-"
"CC19-363","Samp","Ca MultiCal","o","-","g/mL",27.26,"-","-"
"CC19-363","Samp","Cu MultiCal","","-","g/mL",0.05,"-","-"
"CC19-363","Samp","Fe MultiCal","","-","g/mL",8.58,"-","-"
"CC19-363","Samp","K MultiCal","","-","g/mL",4.34,"-","-"
"CC19-363","Samp","Mg  MultiCal","","-","g/mL",1.96,"-","-"
"CC19-363","Samp","Mn MultiCal","","-","g/mL",12.11,"-","-"
"CC19-363","Samp","P MultiCal","","-","g/mL",2.28,"-","-"
"CC19-363","Samp","S MultiCal","","-","g/mL",2.14,"-","-"
"CC19-363","Samp","Zn MultiCal","","-","g/mL",0.15,"-","-"
"CC19-364","Samp","Al MultiCal","","-","g/mL",75.15,"-","-"
"CC19-364","Samp","Ca MultiCal","o","-","g/mL",60.98,"-","-"
"CC19-364","Samp","Cu MultiCal","","-","g/mL",0.08,"-","-"
"CC19-364","Samp","Fe MultiCal","","-","g/mL",8.67,"-","-"
"CC19-364","Samp","K MultiCal","","-","g/mL",7.21,"-","-"
"CC19-364","Samp","Mg  MultiCal","","-","g/mL",5.86,"-","-"
"CC19-364","Samp","Mn MultiCal","","-","g/mL",13.06,"-","-"
"CC19-364","Samp","P MultiCal","","-","g/mL",6.16,"-","-"
"CC19-364","Samp","S MultiCal","","-","g/mL",1.75,"-","-"
"CC19-364","Samp","Zn MultiCal","","-","g/mL",0.39,"-","-"
"CC19-365","Samp","Al MultiCal","","-","g/mL",81.72,"-","-"
"CC19-365","Samp","Ca MultiCal","o","-","g/mL",17.68,"-","-"
"CC19-365","Samp","Cu MultiCal","","-","g/mL",0.07,"-","-"
"CC19-365","Samp","Fe MultiCal","","-","g/mL",8.50,"-","-"
"CC19-365","Samp","K MultiCal","","-","g/mL",4.87,"-","-"
"CC19-365","Samp","Mg  MultiCal","","-","g/mL",1.47,"-","-"
"CC19-365","Samp","Mn MultiCal","","-","g/mL",11.20,"-","-"
"CC19-365","Samp","P MultiCal","","-","g/mL",2.51,"-","-"
"CC19-365","Samp","S MultiCal","","-","g/mL",2.48,"-","-"
"CC19-365","Samp","Zn MultiCal","","-","g/mL",0.11,"-","-"
"CC19-366","Samp","Al MultiCal","","-","g/mL",71.82,"-","-"
"CC19-366","Samp","Ca MultiCal","o","-","g/mL",46.11,"-","-"
"CC19-366","Samp","Cu MultiCal","","-","g/mL",0.06,"-","-"
"CC19-366","Samp","Fe MultiCal","","-","g/mL",7.38,"-","-"
"CC19-366","Samp","K MultiCal","","-","g/mL",8.90,"-","-"
"CC19-366","Samp","Mg  MultiCal","","-","g/mL",5.79,"-","-"
"CC19-366","Samp","Mn MultiCal","","-","g/mL",7.40,"-","-"
"CC19-366","Samp","P MultiCal","","-","g/mL",4.38,"-","-"
"CC19-366","Samp","S MultiCal","","-","g/mL",1.42,"-","-"
"CC19-366","Samp","Zn MultiCal","","-","g/mL",0.22,"-","-"
"CC19-367","Samp","Al MultiCal","","-","g/mL",75.26,"-","-"
"CC19-367","Samp","Ca MultiCal","o","-","g/mL",25.99,"-","-"
"CC19-367","Samp","Cu MultiCal","","-","g/mL",0.05,"-","-"
"CC19-367","Samp","Fe MultiCal","","-","g/mL",7.20,"-","-"
"CC19-367","Samp","K MultiCal","","-","g/mL",6.40,"-","-"
"CC19-367","Samp","Mg  MultiCal","","-","g/mL",3.02,"-","-"
"CC19-367","Samp","Mn MultiCal","","-","g/mL",7.33,"-","-"
"CC19-367","Samp","P MultiCal","","-","g/mL",1.85,"-","-"
"CC19-367","Samp","S MultiCal","","-","g/mL",2.03,"-","-"
"CC19-367","Samp","Zn MultiCal","","-","g/mL",0.08,"-","-"
"CC19-368","Samp","Al MultiCal","","-","g/mL",71.43,"-","-"
"CC19-368","Samp","Ca MultiCal","o","-","g/mL",56.09,"-","-"
"CC19-368","Samp","Cu MultiCal","","-","g/mL",0.08,"-","-"
"CC19-368","Samp","Fe MultiCal","","-","g/mL",8.58,"-","-"
"CC19-368","Samp","K MultiCal","","-","g/mL",9.84,"-","-"
"CC19-368","Samp","Mg  MultiCal","","-","g/mL",5.20,"-","-"
"CC19-368","Samp","Mn MultiCal","","-","g/mL",10.89,"-","-"
"CC19-368","Samp","P MultiCal","","-","g/mL",5.81,"-","-"
"CC19-368","Samp","S MultiCal","","-","g/mL",1.59,"-","-"
"CC19-368","Samp","Zn MultiCal","","-","g/mL",0.24,"-","-"
"CC19-369","Samp","Al MultiCal","","-","g/mL",77.00,"-","-"
"CC19-369","Samp","Ca MultiCal","o","-","g/mL",20.86,"-","-"
"CC19-369","Samp","Cu MultiCal","","-","g/mL",0.06,"-","-"
"CC19-369","Samp","Fe MultiCal","","-","g/mL",7.98,"-","-"
"CC19-369","Samp","K MultiCal","","-","g/mL",6.36,"-","-"
"CC19-369","Samp","Mg  MultiCal","","-","g/mL",1.86,"-","-"
"CC19-369","Samp","Mn MultiCal","","-","g/mL",9.07,"-","-"
"CC19-369","Samp","P MultiCal","","-","g/mL",2.96,"-","-"
"CC19-369","Samp","S MultiCal","","-","g/mL",2.15,"-","-"
"CC19-369","Samp","Zn MultiCal","","-","g/mL",0.09,"-","-"
"CC19-370","Samp","Al MultiCal","","-","g/mL",73.25,"-","-"
"CC19-370","Samp","Ca MultiCal","o","-","g/mL",59.76,"-","-"
"CC19-370","Samp","Cu MultiCal","","-","g/mL",0.07,"-","-"
"CC19-370","Samp","Fe MultiCal","","-","g/mL",9.65,"-","-"
"CC19-370","Samp","K MultiCal","","-","g/mL",7.92,"-","-"
"CC19-370","Samp","Mg  MultiCal","","-","g/mL",4.93,"-","-"
"CC19-370","Samp","Mn MultiCal","","-","g/mL",13.11,"-","-"
"CC19-370","Samp","P MultiCal","","-","g/mL",7.21,"-","-"
"CC19-370","Samp","S MultiCal","","-","g/mL",1.66,"-","-"
"CC19-370","Samp","Zn MultiCal","","-","g/mL",0.42,"-","-"
"CC19-371","Samp","Al MultiCal","","-","g/mL",75.39,"-","-"
"CC19-371","Samp","Ca MultiCal","o","-","g/mL",28.77,"-","-"
"CC19-371","Samp","Cu MultiCal","","-","g/mL",0.06,"-","-"
"CC19-371","Samp","Fe MultiCal","","-","g/mL",8.31,"-","-"
"CC19-371","Samp","K MultiCal","","-","g/mL",4.90,"-","-"
"CC19-371","Samp","Mg  MultiCal","","-","g/mL",2.58,"-","-"
"CC19-371","Samp","Mn MultiCal","","-","g/mL",11.29,"-","-"
"CC19-371","Samp","P MultiCal","","-","g/mL",2.65,"-","-"
"CC19-371","Samp","S MultiCal","","-","g/mL",1.96,"-","-"
"CC19-371","Samp","Zn MultiCal","","-","g/mL",0.15,"-","-"
"CC19-372","Samp","Al MultiCal","","-","g/mL",75.36,"-","-"
"CC19-372","Samp","Ca MultiCal","o","-","g/mL",47.38,"-","-"
"CC19-372","Samp","Cu MultiCal","","-","g/mL",0.07,"-","-"
"CC19-372","Samp","Fe MultiCal","","-","g/mL",8.48,"-","-"
"CC19-372","Samp","K MultiCal","","-","g/mL",6.43,"-","-"
"CC19-372","Samp","Mg  MultiCal","","-","g/mL",5.60,"-","-"
"CC19-372","Samp","Mn MultiCal","","-","g/mL",11.50,"-","-"
"CC19-372","Samp","P MultiCal","","-","g/mL",4.21,"-","-"
"CC19-372","Samp","S MultiCal","","-","g/mL",1.83,"-","-"
"CC19-372","Samp","Zn MultiCal","","-","g/mL",0.24,"-","-"
"CC19-373","Samp","Al MultiCal","","-","g/mL",78.22,"-","-"
"CC19-373","Samp","Ca MultiCal","o","-","g/mL",19.78,"-","-"
"CC19-373","Samp","Cu MultiCal","","-","g/mL",0.06,"-","-"
"CC19-373","Samp","Fe MultiCal","","-","g/mL",8.08,"-","-"
"CC19-373","Samp","K MultiCal","","-","g/mL",6.21,"-","-"
"CC19-373","Samp","Mg  MultiCal","","-","g/mL",2.50,"-","-"
"CC19-373","Samp","Mn MultiCal","","-","g/mL",10.07,"-","-"
"CC19-373","Samp","P MultiCal","","-","g/mL",2.13,"-","-"
"CC19-373","Samp","S MultiCal","","-","g/mL",2.30,"-","-"
"CC19-373","Samp","Zn MultiCal","","-","g/mL",0.11,"-","-"
"blank","Samp","Al MultiCal","","-","g/mL",4.93,"-","-"
"blank","Samp","Ca MultiCal","","-","g/mL",1.72,"-","-"
"blank","Samp","Fe MultiCal","","-","g/mL",0.08,"-","-"
"blank","Samp","K MultiCal","","-","g/mL",2.95,"-","-"
"blank","Samp","Mg  MultiCal","","-","g/mL",0.56,"-","-"
"blank","Samp","S MultiCal","","-","g/mL",0.13,"-","-"
"blank","Samp","Al MultiCal","","-","g/mL",4.99,"-","-"
"blank","Samp","Ca MultiCal","","-","g/mL",1.66,"-","-"
"blank","Samp","Fe MultiCal","","-","g/mL",0.07,"-","-"
"blank","Samp","K MultiCal","","-","g/mL",2.94,"-","-"
"blank","Samp","Mg  MultiCal","","-","g/mL",0.56,"-","-"
"blank","Samp","S MultiCal","","-","g/mL",0.12,"-","-"
"HAG","Samp","Al MultiCal","","-","g/mL",69.44,"-","-"
"HAG","Samp","Ca MultiCal","o","-","g/mL",66.74,"-","-"
"HAG","Samp","Cu MultiCal","","-","g/mL",0.04,"-","-"
"HAG","Samp","Fe MultiCal","","-","g/mL",8.46,"-","-"
"HAG","Samp","K MultiCal","","-","g/mL",8.59,"-","-"
"HAG","Samp","Mg  MultiCal","","-","g/mL",8.64,"-","-"
"HAG","Samp","Mn MultiCal","","-","g/mL",8.72,"-","-"
"HAG","Samp","P MultiCal","","-","g/mL",3.10,"-","-"
"HAG","Samp","S MultiCal","","-","g/mL",2.99,"-","-"
"HAG","Samp","Zn MultiCal","","-","g/mL",0.17,"-","-"
"HAG","Samp","Al MultiCal","","-","g/mL",68.38,"-","-"
"HAG","Samp","Ca MultiCal","o","-","g/mL",65.77,"-","-"
"HAG","Samp","Cu MultiCal","","-","g/mL",0.05,"-","-"
"HAG","Samp","Fe MultiCal","","-","g/mL",8.47,"-","-"
"HAG","Samp","K MultiCal","","-","g/mL",8.09,"-","-"
"HAG","Samp","Mg  MultiCal","","-","g/mL",8.67,"-","-"
"HAG","Samp","Mn MultiCal","","-","g/mL",8.73,"-","-"
"HAG","Samp","P MultiCal","","-","g/mL",3.07,"-","-"
"HAG","Samp","S MultiCal","","-","g/mL",2.93,"-","-"
"HAG","Samp","Zn MultiCal","","-","g/mL",0.16,"-","-"
"Rack# 3301 M3 batch blank","Samp","Al MultiCal","","-","g/mL",4.03,"-","-"
"Rack# 3301 M3 batch blank","Samp","Ca MultiCal","","-","g/mL",1.65,"-","-"
"Rack# 3301 M3 batch blank","Samp","Fe MultiCal","","-","g/mL",0.07,"-","-"
"Rack# 3301 M3 batch blank","Samp","K MultiCal","","-","g/mL",2.51,"-","-"
"Rack# 3301 M3 batch blank","Samp","Mg  MultiCal","","-","g/mL",0.52,"-","-"
"Rack# 3301 M3 batch blank","Samp","S MultiCal","","-","g/mL",0.13,"-","-"
"blank","Samp","Al MultiCal","","-","g/mL",4.09,"-","-"
"blank","Samp","Ca MultiCal","","-","g/mL",1.28,"-","-"
"blank","Samp","Fe MultiCal","","-","g/mL",0.11,"-","-"
"blank","Samp","K MultiCal","","-","g/mL",2.34,"-","-"
"blank","Samp","Mg  MultiCal","","-","g/mL",0.41,"-","-"
"blank","Samp","S MultiCal","","-","g/mL",0.11,"-","-"
"blank","Samp","Zn MultiCal","","-","g/mL",0.01,"-","-"
"blank","Samp","Al MultiCal","","-","g/mL",3.95,"-","-"
"blank","Samp","Ca MultiCal","","-","g/mL",1.56,"-","-"
"blank","Samp","Fe MultiCal","","-","g/mL",0.09,"-","-"
"blank","Samp","K MultiCal","","-","g/mL",2.38,"-","-"
"blank","Samp","Mg  MultiCal","","-","g/mL",0.49,"-","-"
"blank","Samp","P MultiCal","","-","g/mL",0.02,"-","-"
"blank","Samp","S MultiCal","","-","g/mL",0.13,"-","-"
"blank","Samp","Zn MultiCal","","-","g/mL",0.01,"-","-"
"HAG","Samp","Al MultiCal","","-","g/mL",72.42,"-","-"
"HAG","Samp","Ca MultiCal","o","-","g/mL",71.87,"-","-"
"HAG","Samp","Cu MultiCal","","-","g/mL",0.05,"-","-"
"HAG","Samp","Fe MultiCal","","-","g/mL",9.62,"-","-"
"HAG","Samp","K MultiCal","","-","g/mL",8.55,"-","-"
"HAG","Samp","Mg  MultiCal","","-","g/mL",9.28,"-","-"
"HAG","Samp","Mn MultiCal","","-","g/mL",9.50,"-","-"
"HAG","Samp","P MultiCal","","-","g/mL",3.18,"-","-"
"HAG","Samp","S MultiCal","","-","g/mL",3.26,"-","-"
"HAG","Samp","Zn MultiCal","","-","g/mL",0.19,"-","-"
"HAG","Samp","Al MultiCal","","-","g/mL",72.79,"-","-"
"HAG","Samp","Ca MultiCal","o","-","g/mL",73.21,"-","-"
"HAG","Samp","Cu MultiCal","","-","g/mL",0.05,"-","-"
"HAG","Samp","Fe MultiCal","","-","g/mL",10.08,"-","-"
"HAG","Samp","K MultiCal","","-","g/mL",9.36,"-","-"
"HAG","Samp","Mg  MultiCal","","-","g/mL",9.27,"-","-"
"HAG","Samp","Mn MultiCal","","-","g/mL",10.02,"-","-"
"HAG","Samp","P MultiCal","","-","g/mL",2.98,"-","-"
"HAG","Samp","S MultiCal","","-","g/mL",3.24,"-","-"
"HAG","Samp","Zn MultiCal","","-","g/mL",0.21,"-","-"
"HAG","Samp","Al MultiCal","","-","g/mL",73.67,"-","-"
"HAG","Samp","Ca MultiCal","o","-","g/mL",71.05,"-","-"
"HAG","Samp","Cu MultiCal","","-","g/mL",0.05,"-","-"
"HAG","Samp","Fe MultiCal","","-","g/mL",10.14,"-","-"
"HAG","Samp","K MultiCal","","-","g/mL",9.05,"-","-"
"HAG","Samp","Mg  MultiCal","","-","g/mL",9.20,"-","-"
"HAG","Samp","Mn MultiCal","","-","g/mL",9.91,"-","-"
"HAG","Samp","P MultiCal","","-","g/mL",3.04,"-","-"
"HAG","Samp","S MultiCal","","-","g/mL",3.17,"-","-"
"HAG","Samp","Zn MultiCal","","-","g/mL",0.18,"-","-"
"HUB","Samp","Al MultiCal","","-","g/mL",85.25,"-","-"
"HUB","Samp","Ca MultiCal","o","-","g/mL",32.93,"-","-"
"HUB","Samp","Cu MultiCal","","-","g/mL",0.10,"-","-"
"HUB","Samp","Fe MultiCal","","-","g/mL",11.45,"-","-"
"HUB","Samp","K MultiCal","","-","g/mL",34.30,"-","-"
"HUB","Samp","Mg  MultiCal","","-","g/mL",4.06,"-","-"
"HUB","Samp","P MultiCal","","-","g/mL",5.90,"-","-"
"HUB","Samp","S MultiCal","","-","g/mL",1.69,"-","-"
"HUB","Samp","Zn MultiCal","","-","g/mL",0.37,"-","-"
"HUB","Samp","Al MultiCal","","-","g/mL",87.23,"-","-"
"HUB","Samp","Ca MultiCal","o","-","g/mL",32.80,"-","-"
"HUB","Samp","Cu MultiCal","","-","g/mL",0.10,"-","-"
"HUB","Samp","Fe MultiCal","","-","g/mL",11.41,"-","-"
"HUB","Samp","K MultiCal","","-","g/mL",35.79,"-","-"
"HUB","Samp","Mg  MultiCal","","-","g/mL",4.28,"-","-"
"HUB","Samp","P MultiCal","","-","g/mL",6.00,"-","-"
"HUB","Samp","S MultiCal","","-","g/mL",1.75,"-","-"
"HUB","Samp","Zn MultiCal","","-","g/mL",0.41,"-","-"
"HUB","Samp","Al MultiCal","","-","g/mL",83.18,"-","-"
"HUB","Samp","Ca MultiCal","o","-","g/mL",38.48,"-","-"
"HUB","Samp","Cu MultiCal","","-","g/mL",0.09,"-","-"
"HUB","Samp","Fe MultiCal","","-","g/mL",10.83,"-","-"
"HUB","Samp","K MultiCal","","-","g/mL",34.98,"-","-"
"HUB","Samp","Mg  MultiCal","","-","g/mL",4.17,"-","-"
"HUB","Samp","P MultiCal","","-","g/mL",5.93,"-","-"
"HUB","Samp","S MultiCal","","-","g/mL",1.73,"-","-"
"HUB","Samp","Zn MultiCal","","-","g/mL",0.39,"-","-"

"Worksheet Signature Trail"
"Date","Time","User","Authorised By","Description",
